{
  "Sensitivity": 0.6600112915039062,
  "Specificity": 0.9040851593017578,
  "Precision": 0.666757345199585,
  "F1-Score": 0.6502974033355713,
  "Accuracy": 0.6600112915039062
}