{
  "Sensitivity": 0.6562892198562622,
  "Specificity": 0.9041037559509277,
  "Precision": 0.6557707786560059,
  "F1-Score": 0.6512190103530884,
  "Accuracy": 0.6562892198562622
}