{
  "Sensitivity": 0.6615966558456421,
  "Specificity": 0.9051055908203125,
  "Precision": 0.6608529686927795,
  "F1-Score": 0.6586204171180725,
  "Accuracy": 0.6615966558456421
}